{
  "https://cointelegraph.com/news/fake-airdrops-and-how-to-avoid-them": {
    "title": "10 signs an airdrop is a scam — and how to stay safe",
    "link": "https://cointelegraph.com/news/fake-airdrops-and-how-to-avoid-them?utm_source=rss_feed&utm_medium=rss&utm_campaign=rss_partner_inbound",
    "posted_at": "2025-06-09T00:49:26.787819"
  },
  "https://cointelegraph.com/news/gaming-data-next-ai-battleground": {
    "title": "Gaming data is the next AI battleground",
    "link": "https://cointelegraph.com/news/gaming-data-next-ai-battleground?utm_source=rss_feed&utm_medium=rss&utm_campaign=rss_partner_inbound",
    "posted_at": "2025-06-09T00:49:29.541449"
  },
  "https://cointelegraph.com/news/what-happened-in-crypto-today": {
    "title": "Here’s what happened in crypto today",
    "link": "https://cointelegraph.com/news/what-happened-in-crypto-today?utm_source=rss_feed&utm_medium=rss&utm_campaign=rss_partner_inbound",
    "posted_at": "2025-06-09T00:49:32.236689"
  },
  "https://cointelegraph.com/news/strategy-bitcoin-buy-signal-stock-offering": {
    "title": "Michael Saylor teases fresh Bitcoin buy after $1B stock offering",
    "link": "https://cointelegraph.com/news/strategy-bitcoin-buy-signal-stock-offering?utm_source=rss_feed&utm_medium=rss&utm_campaign=rss_partner_inbound",
    "posted_at": "2025-06-09T00:49:34.946360"
  },
  "https://cointelegraph.com/news/bitcoin-family-splits-seed-phrase-global-security-upgrade": {
    "title": "‘Bitcoin Family’ revamps security after crypto crime wave",
    "link": "https://cointelegraph.com/news/bitcoin-family-splits-seed-phrase-global-security-upgrade?utm_source=rss_feed&utm_medium=rss&utm_campaign=rss_partner_inbound",
    "posted_at": "2025-06-09T00:49:37.632573"
  },
  "https://cointelegraph.com/news/bitcoin-can-liquidate-15b-shorts-10-btc-price-uptick-data": {
    "title": "Bitcoin can liquidate $15B in shorts with 10% BTC price uptick — Data",
    "link": "https://cointelegraph.com/news/bitcoin-can-liquidate-15b-shorts-10-btc-price-uptick-data?utm_source=rss_feed&utm_medium=rss&utm_campaign=rss_partner_inbound",
    "posted_at": "2025-06-09T00:49:40.365863"
  },
  "https://cointelegraph.com/news/dubai-real-estate-sales-tokenization-boom-may-2025": {
    "title": "Dubai real estate sales hit $18B in May amid tokenization push",
    "link": "https://cointelegraph.com/news/dubai-real-estate-sales-tokenization-boom-may-2025?utm_source=rss_feed&utm_medium=rss&utm_campaign=rss_partner_inbound",
    "posted_at": "2025-06-09T00:49:43.069618"
  },
  "https://cointelegraph.com/news/tether-ceo-paolo-ardoino-no-public-plans-bearish-valuation": {
    "title": "Tether CEO snubs IPO, says $515B valuation is &#039;a bit bearish’",
    "link": "https://cointelegraph.com/news/tether-ceo-paolo-ardoino-no-public-plans-bearish-valuation?utm_source=rss_feed&utm_medium=rss&utm_campaign=rss_partner_inbound",
    "posted_at": "2025-06-09T00:49:45.793419"
  },
  "https://cointelegraph.com/news/bitcoiners-debate-bitcoin-core-developers-use-cases-transaction-relay": {
    "title": "Bitcoin core devs&#039; joint statement sparks heated debate among Bitcoiners",
    "link": "https://cointelegraph.com/news/bitcoiners-debate-bitcoin-core-developers-use-cases-transaction-relay?utm_source=rss_feed&utm_medium=rss&utm_campaign=rss_partner_inbound",
    "posted_at": "2025-06-09T00:49:48.499822"
  },
  "https://cointelegraph.com/news/is-bitcoin-price-rally-to-150k-possible-by-year-end": {
    "title": "Is a Bitcoin price rally to $150K possible by year&#039;s end?",
    "link": "https://cointelegraph.com/news/is-bitcoin-price-rally-to-150k-possible-by-year-end?utm_source=rss_feed&utm_medium=rss&utm_campaign=rss_partner_inbound",
    "posted_at": "2025-06-09T00:49:51.189636"
  },
  "https://cointelegraph.com/news/coinbase-cuts-unnecessary-account-restrictions": {
    "title": "Coinbase CEO says unnecessary account freezes cut by 82%",
    "link": "https://cointelegraph.com/news/coinbase-cuts-unnecessary-account-restrictions?utm_source=rss_feed&utm_medium=rss&utm_campaign=rss_partner_inbound",
    "posted_at": "2025-06-09T01:20:53.298144"
  },
  "https://cointelegraph.com/news/sui-dex-restarts-plots-open-source-move-after-massive-exploit": {
    "title": "Sui DEX restarts, plots open-source move after massive exploit",
    "link": "https://cointelegraph.com/news/sui-dex-restarts-plots-open-source-move-after-massive-exploit?utm_source=rss_feed&utm_medium=rss&utm_campaign=rss_partner_inbound",
    "posted_at": "2025-06-09T02:48:31.958475"
  },
  "https://cointelegraph.com/news/argentina-anti-corruption-office-clears-milei-libra-case": {
    "title": "Corruption watchdog clears Javier Milei over LIBRA crypto scandal",
    "link": "https://cointelegraph.com/news/argentina-anti-corruption-office-clears-milei-libra-case?utm_source=rss_feed&utm_medium=rss&utm_campaign=rss_partner_inbound",
    "posted_at": "2025-06-09T03:37:45.703338"
  }
}